,time,n-xpos,n-ypos,t-xpos,t-ypos,c-xpos,c-ypos,c-xvel,c-yvel,c-xacc,c-yacc,c-speed,c-scacc,a-pos,a-vel,time-aligned
0,-1.0,-0.092628786,0.381080966,-0.115737026,0.277374963,-0.104182906,0.329227965,,,,,,,77.43831133,,-1.2211082000000033
1,-0.966555184,-0.090008517,0.381475316,-0.115103887,0.280516551,-0.102556202,0.330995934,0.048752355,0.052986085,,,0.072002204,,76.0408692,-41.88138265,-1.1876633840000033
2,-0.933110368,-0.085581796,0.381482333,-0.114965766,0.283597671,-0.100273781,0.332540002,0.068404249,0.046275775,0.588967823,-0.201108197,0.082586855,0.622356493,73.29078314,-82.42016167,-1.1542185680000032
3,-0.899665552,-0.081976275,0.382243897,-0.114702718,0.28774135,-0.098339496,0.334992624,0.057970559,0.073505144,-0.312697978,0.816064998,0.093614058,0.873923399,70.89891651,-71.68431442,-1.1207737520000034
4,-0.866220736,-0.082634604,0.384630277,-0.113871809,0.29332687,-0.098253207,0.338978573,0.002586107,0.11945903,-1.6598737,1.377239338,0.119487019,2.156842344,71.1128854,6.412654069,-1.0873289360000034
5,-0.83277592,-0.086944017,0.387920963,-0.113050187,0.299274972,-0.099997102,0.343597968,-0.0522646,0.138443388,-1.64387733,0.568961772,0.147980269,1.739554591,73.59034301,74.24947862,-1.0538841200000033
6,-0.799331104,-0.091269246,0.390977684,-0.112567355,0.304363454,-0.1019183,0.347670569,-0.057578374,0.122055987,-0.159253969,-0.4911309,0.1349553,0.516305518,76.18526959,77.77002762,-1.0204393040000033
7,-0.765886288,-0.093638613,0.393833234,-0.111723119,0.307496547,-0.102680866,0.350664891,-0.022854116,0.089739911,1.040687049,-0.968513754,0.092604332,1.421635827,78.16958748,59.47006657,-0.9869944880000033
8,-0.732441472,-0.09483097,0.397206378,-0.109993131,0.307941308,-0.102412051,0.352573843,0.008056402,0.057211362,0.926389159,-0.974881594,0.057775821,1.344838651,80.36000288,65.64681506,-0.9535496720000033
9,-0.698996656,-0.095710178,0.40098799,-0.107905859,0.306737814,-0.101808019,0.353862902,0.018102862,0.03863313,0.301092695,-0.556790169,0.042664181,0.632986654,82.62707085,67.94409496,-0.9201048560000034
10,-0.665551839,-0.095782533,0.404046116,-0.106061388,0.306383277,-0.100921961,0.355214697,0.026555179,0.040513327,0.253316212,0.056349569,0.04844076,0.259507952,83.99183188,40.90192894,-0.8866600390000033
11,-0.632107023,-0.094392234,0.405532997,-0.104295241,0.308132949,-0.099343737,0.356832973,0.047299407,0.048499794,0.621705117,0.239354638,0.067745582,0.666189084,84.19448534,6.07353051,-0.8532152230000033
12,-0.598662207,-0.091916875,0.406027725,-0.102587116,0.311016376,-0.097251996,0.358522051,0.062689566,0.050621707,0.461243536,0.063593792,0.080576292,0.465606883,83.59225191,-18.0489539,-0.8197704070000033
13,-0.565217391,-0.089367292,0.407188441,-0.101861142,0.313926212,-0.095614217,0.360557326,0.049084283,0.060997273,-0.407750748,0.310956037,0.078293896,0.512790726,82.36981463,-36.63648204,-0.7863255910000033
14,-0.531772575,-0.087287254,0.410058998,-0.102861768,0.317032032,-0.095074511,0.363545515,0.016174992,0.089556113,-0.986292436,0.855909278,0.091005097,1.305891826,80.49572325,-56.16657486,-0.7528807750000033
15,-0.498327759,-0.085174632,0.413640846,-0.104878,0.320609435,-0.095026316,0.367125141,0.001444395,0.107281484,-0.441476433,0.531229915,0.107291207,0.690729081,78.04188411,-73.54163266,-0.7194359590000032
16,-0.464882943,-0.081944269,0.415602606,-0.106554792,0.323997676,-0.09424953,0.369800141,0.023280298,0.080169832,0.654422667,-0.81253703,0.08348158,1.043305062,74.96204237,-92.30294901,-0.6859911430000033
17,-0.431438127,-0.077175951,0.414797124,-0.107449713,0.326592515,-0.092312832,0.37069482,0.058042922,0.026813554,1.041836894,-1.599089241,0.063937059,1.908536223,71.0566519,-117.0446696,-0.6525463270000034
18,-0.397993311,-0.071735786,0.412586573,-0.107945835,0.328892313,-0.08984081,0.370739443,0.074086549,0.001337364,0.480827983,-0.763522177,0.074098619,0.902309073,66.6044352,-133.4330679,-0.6191015110000033
19,-0.364548495,-0.066778416,0.411173666,-0.108200632,0.331661791,-0.087489524,0.371417728,0.070468128,0.020328229,-0.108444191,0.569156803,0.073341625,0.5793959,62.48245342,-123.5359175,-0.5856566950000033
20,-0.331103679,-0.062615696,0.411257024,-0.108059582,0.334754733,-0.085337639,0.373005879,0.064492048,0.047596907,-0.179103289,0.817243081,0.080154163,0.836638656,59.28884339,-95.71258819,-0.5522118790000032
21,-0.297658863,-0.059155881,0.412051085,-0.107553635,0.337815574,-0.083354758,0.37493333,0.059427013,0.057765763,-0.15179926,0.30476092,0.082876132,0.340473543,56.89770752,-71.66241364,-0.5187670630000033
22,-0.264214047,-0.056706621,0.412965409,-0.106713774,0.341607768,-0.081710197,0.377286588,0.049287536,0.070527238,-0.303880436,0.382461796,0.086042736,0.488487814,54.97738004,-57.55227215,-0.4853222470000033
23,-0.230769231,-0.055545162,0.414236492,-0.105305293,0.34712703,-0.080425227,0.380681761,0.038510584,0.101753426,-0.322985571,0.935849796,0.108797173,0.990017434,53.44391072,-45.95812149,-0.4518774310000033
24,-0.197324415,-0.055459305,0.416092134,-0.103445463,0.353416011,-0.079452384,0.384754073,0.029156144,0.122047299,-0.280352828,0.608207982,0.125481569,0.66971237,52.56157181,-26.44372365,-0.4184326150000033
25,-0.163879599,-0.056372459,0.418132166,-0.102088153,0.357939578,-0.079230306,0.388035872,0.006655677,0.098355625,-0.674339678,-0.710040198,0.098580561,0.979229842,52.7836775,6.65651412,-0.3849877990000033
26,-0.130434783,-0.058531397,0.419812648,-0.102070567,0.35955774,-0.080300982,0.389685194,-0.032088179,0.049430229,-1.161154516,-1.466295588,0.058932153,1.870374979,54.1487658,40.91173724,-0.3515429830000033
27,-0.096989967,-0.061540676,0.421327786,-0.102779176,0.359564134,-0.082159926,0.39044596,-0.055712614,0.022800177,-0.708025033,-0.798103455,0.060197536,1.066896702,56.26966345,63.56336611,-0.3180981670000033
28,-0.063545151,-0.064113597,0.423638318,-0.102543386,0.359334105,-0.083328491,0.391486212,-0.035021939,0.031176377,0.620100159,0.251034962,0.046888193,0.668986367,59.1364163,85.91666885,-0.28465335100000333
29,-0.030100334,-0.065275478,0.42725639,-0.100549986,0.358732242,-0.082912732,0.392994316,0.012460324,0.045197937,1.42304484,0.420226585,0.04688404,1.483794797,62.76172959,108.6507479,-0.2512085340000033
30,0.003344482,-0.065316765,0.431287168,-0.097746388,0.357624271,-0.081531577,0.39445572,0.041393266,0.043798319,0.867121134,-0.041946607,0.060263548,0.868135115,66.23881085,104.2082296,-0.2177637180000033
31,0.036789298,-0.065415805,0.43440687,-0.095526912,0.357222039,-0.080471359,0.395814455,0.031774763,0.040721317,-0.288266832,-0.092217825,0.051651343,0.302658047,68.68840348,73.4143645,-0.1843189020000033
32,0.070234114,-0.066388234,0.436455922,-0.094155785,0.358662725,-0.080272009,0.397559324,0.005974501,0.052293776,-0.773234629,0.346826925,0.052633959,0.847455431,70.35645354,49.99151033,-0.1508740860000033
33,0.10367893,-0.067427844,0.437911784,-0.093084533,0.361284798,-0.080256189,0.399598291,0.000474149,0.061107915,-0.16484572,0.264160018,0.061109754,0.311375379,71.48812677,33.91628063,-0.1174292700000033
34,0.137123746,-0.06630509,0.438175641,-0.092285251,0.363429009,-0.079295171,0.400802325,0.028801742,0.036084935,0.848978834,-0.749939463,0.046169935,1.132772818,70.83375759,-19.61146386,-0.08398445400000332
35,0.170568562,-0.061706876,0.436173934,-0.092276645,0.364446398,-0.07699176,0.400310166,0.069033273,-0.014750013,1.205740193,-1.523524914,0.070591471,1.942919859,66.91663978,-117.3961382,-0.0505396380000033
36,0.204013378,-0.055142994,0.432764331,-0.092866272,0.365133818,-0.074004633,0.398949074,0.089524304,-0.040791963,0.614116815,-0.780478003,0.098379801,0.993119013,60.84788206,-181.8808507,-0.017094822000003312
37,0.237458194,-0.049507836,0.430654396,-0.09284079,0.366447535,-0.071174313,0.398550966,0.084824766,-0.01193133,-0.140845297,0.864954019,0.085659778,0.876346308,55.98474357,-145.7484063,0.016349993999996704
38,0.27090301,-0.046063141,0.431307058,-0.091372272,0.368465495,-0.068717706,0.399886276,0.073624579,0.040019298,-0.335669955,1.556961871,0.083798107,1.592734939,54.20817791,-53.24372604,0.04979480999999669
39,0.304347826,-0.043791974,0.433371403,-0.089184126,0.370735929,-0.06648805,0.402053666,0.066822866,0.064956735,-0.203847531,0.747375753,0.093191592,0.774676921,54.06902197,-4.170507952,0.08323962599999668
40,0.337792642,-0.041241357,0.434789732,-0.087765965,0.373145364,-0.064503661,0.403967548,0.059472197,0.057359111,-0.220299763,-0.22770102,0.082625722,0.316827619,52.95719524,-33.32148015,0.11668444199999667
41,0.371237458,-0.03802553,0.43515663,-0.08768847,0.375921209,-0.062857,0.40553892,0.04935047,0.047094048,-0.303348463,-0.307644238,0.068215235,0.43204776,50.02355249,-87.92136131,0.1501292579999967
42,0.404682274,-0.034875251,0.435234478,-0.088229411,0.378888738,-0.061552331,0.407061608,0.039100973,0.045635013,-0.307177745,-0.043727339,0.060095262,0.310274471,46.56210225,-103.7397674,0.1835740739999967
43,0.43812709,-0.032918857,0.435262878,-0.08854229,0.38133022,-0.060730574,0.408296549,0.024628097,0.037011218,-0.433752531,-0.258455403,0.044456421,0.504916284,44.11582671,-73.31495111,0.2170188899999967
44,0.471571906,-0.03266867,0.434860562,-0.088558041,0.382777477,-0.060613356,0.408819019,0.00351302,0.015658458,-0.63281948,-0.639942848,0.016047698,0.899992968,42.98102348,-34.0100869,0.2504637059999967
45,0.505016722,-0.033415975,0.434087768,-0.088571646,0.383546885,-0.060993811,0.408817326,-0.011402244,-5.07e-05,-0.44701092,-0.470805334,0.011402357,0.649212157,42.50001221,-14.41592226,0.2839085219999967
46,0.538461538,-0.033895309,0.43359239,-0.088520944,0.384322437,-0.061208126,0.408957414,-0.006423046,0.00419843,0.149226707,0.127347956,0.007673483,0.196178776,42.04908902,-13.51418159,0.31735333799999665
47,0.571906355,-0.033539011,0.433739414,-0.088148235,0.385458018,-0.060843623,0.409598716,0.01092417,0.019219855,0.519896596,0.45019256,0.022107472,0.687725099,41.48071139,-17.03429455,0.35079815499999667
48,0.605351171,-0.032777377,0.43423128,-0.087604146,0.386686712,-0.060190762,0.410458996,0.019566276,0.025782594,0.259004178,0.196685491,0.032366361,0.325220459,40.93110953,-16.47158422,0.3842429709999967
49,0.638795987,-0.032308813,0.434633202,-0.087370817,0.387319042,-0.059839815,0.410976122,0.010517887,0.015498288,-0.271180488,-0.308220968,0.018730267,0.410535044,40.67209681,-7.762619043,0.41768778699999665
50,0.672240803,-0.032422032,0.434850208,-0.087617368,0.386911245,-0.0600197,0.410880726,-0.005391159,-0.002859002,-0.476794604,-0.550168539,0.006102335,0.728023705,40.97538776,9.089638932,0.4511326029999967
51,0.705685619,-0.032801702,0.435040023,-0.088078414,0.385955938,-0.060440058,0.410497981,-0.012598136,-0.011470897,-0.215993308,-0.258098742,0.017038031,0.33655322,41.60412856,18.84338059,0.48457741899999673
52,0.739130435,-0.032726474,0.435354232,-0.088604604,0.385602652,-0.060665539,0.410478442,-0.006757676,-0.000585576,0.175038766,0.326233405,0.006783,0.370225342,41.68054897,2.290322012,0.5180222349999967
53,0.772575251,-0.031754613,0.435816095,-0.089340106,0.386412,-0.06054736,0.411114047,0.003541839,0.01904911,0.308676777,0.588452107,0.019375583,0.664497732,40.62715327,-31.57030077,0.5514670509999967
54,0.806020067,-0.030418486,0.436296793,-0.09019647,0.387734498,-0.060307478,0.412015646,0.007189259,0.027020933,0.109313287,0.238915786,0.027960978,0.26273589,39.08963429,-46.07948968,0.5849118669999966
55,0.839464883,-0.029841243,0.436633128,-0.090652081,0.38863482,-0.060246662,0.412633974,0.001822655,0.018531306,-0.160837303,-0.254434374,0.018620724,0.301007456,38.28421426,-24.13846248,0.6183566829999967
56,0.872909699,-0.030480641,0.436826173,-0.090377925,0.388977673,-0.060429283,0.412901923,-0.005473162,0.008030439,-0.218655825,-0.3147113,0.009718202,0.383214786,38.61934888,10.04399454,0.6518014989999967
57,0.906354515,-0.031753004,0.436964528,-0.089681337,0.389102435,-0.06071717,0.413033481,-0.008627991,0.003942819,-0.09455032,-0.122506101,0.009486203,0.154749823,39.56451908,28.32677934,0.6852463149999967
58,0.939799331,-0.0330619,0.43689142,-0.089042192,0.388892361,-0.061052046,0.412891891,-0.010036244,-0.00424348,-0.042205403,-0.245343629,0.010896482,0.248947368,40.61070499,31.3542231,0.7186911309999967
59,0.973244147,-0.034488334,0.436270198,-0.088556687,0.387973023,-0.06152251,0.412121611,-0.014099819,-0.023085318,-0.121785459,-0.564690435,0.027050634,0.577673771,41.77318632,34.83960023,0.7521359469999966
60,1.006688963,-0.03609331,0.435243547,-0.088111475,0.386644016,-0.062102393,0.410943782,-0.017379089,-0.035299571,-0.09827981,-0.36606154,0.039345806,0.379025028,43.05404047,38.38723705,0.7855807629999967
61,1.040133779,-0.037258087,0.434735067,-0.087761815,0.385770194,-0.062509951,0.41025263,-0.012214545,-0.020713822,0.154781542,0.437135348,0.024046985,0.463729057,44.11366086,31.75685512,0.8190255789999967
62,1.073578595,-0.037370891,0.435557774,-0.087621766,0.385716472,-0.062496328,0.410637123,0.000408281,0.011523255,0.37830645,0.966146148,0.011530486,1.037571275,44.76554965,19.5371265,0.8524703949999968
63,1.107023411,-0.036791741,0.437157261,-0.087634214,0.386100269,-0.062212978,0.411628765,0.008492033,0.029719536,0.242270307,0.545343096,0.030908987,0.596736117,45.12061899,10.64143875,0.8859152109999966
64,1.140468227,-0.036508505,0.437770859,-0.087723819,0.386617196,-0.062116162,0.412194027,0.002901566,0.016940934,-0.167546462,-0.382975099,0.017187621,0.418021224,44.96549387,-4.649104566,0.9193600269999966
65,1.173913043,-0.036916895,0.436290837,-0.087964177,0.387371513,-0.062440536,0.411831175,-0.009721502,-0.010874692,-0.378313741,-0.83363514,0.014586519,0.915460995,43.7805471,-35.51289017,0.9528048429999967
66,1.20735786,-0.037441506,0.433748914,-0.088342062,0.388299625,-0.062891784,0.411024269,-0.013523912,-0.024182987,-0.113958327,-0.39885,0.027707635,0.414810586,41.76178058,-60.50249313,0.9862496599999966
67,1.240802676,-0.037473831,0.432392693,-0.088555044,0.388996062,-0.063014438,0.410694378,-0.003675939,-0.009886871,0.295144029,0.428455028,0.010548116,0.520272726,40.34994715,-42.31269015,1.0196944759999966
68,1.274247492,-0.03716076,0.433253496,-0.088346907,0.389289302,-0.062753833,0.411271399,0.007810317,0.017293354,0.344243444,0.814592171,0.018975278,0.884343798,40.65954732,9.278726333,1.0531392919999967
69,1.307692308,-0.036770779,0.435160999,-0.087938841,0.389360619,-0.06235481,0.412260809,0.011958746,0.029652651,0.12432855,0.370408495,0.031973291,0.390717343,41.8316287,35.12731406,1.0865841079999967
70,1.341137124,-0.035743086,0.436319434,-0.087814112,0.38915588,-0.061778599,0.412737657,0.017269057,0.014291143,0.159150183,-0.460384862,0.022415555,0.487117031,42.16884393,10.10635052,1.1200289239999968
71,1.37458194,-0.033381439,0.436239929,-0.088108666,0.388355645,-0.060745052,0.412297787,0.030975427,-0.013182912,0.410780298,-0.823398251,0.03366402,0.920176686,41.18471598,-29.49434406,1.1534737399999966
72,1.408026756,-0.030410073,0.435681216,-0.088555126,0.387165121,-0.0594826,0.411423168,0.037835745,-0.026212353,0.205603949,-0.390492733,0.04602859,0.441313447,39.84154111,-40.25499121,1.1869185559999966
73,1.441471572,-0.02861648,0.43524575,-0.089044529,0.386488222,-0.058830505,0.410866986,0.01954331,-0.016668803,-0.548224821,0.286020481,0.025686377,0.61835117,38.89898917,-28.24830969,1.2203633719999967
74,1.474916388,-0.028717016,0.434838882,-0.089782755,0.386915842,-0.059249885,0.410877362,-0.012568856,0.000310971,-0.962402594,0.508884334,0.012572703,1.088660654,38.12403767,-23.22531975,1.2538081879999967
75,1.508361204,-0.029804745,0.434362377,-0.090685471,0.387959723,-0.060245108,0.41116105,-0.02982685,0.008502148,-0.517222604,0.245489821,0.031014957,0.57252465,37.31427119,-24.26872571,1.2872530039999968
76,1.54180602,-0.031181865,0.434121793,-0.091094821,0.388654246,-0.061138343,0.411388019,-0.026770271,0.006802264,0.091605773,-0.050945592,0.027620974,0.10481923,37.19462272,-3.585868182,1.3206978199999968
77,1.575250836,-0.033241101,0.434338306,-0.090534253,0.388635228,-0.061887677,0.411486767,-0.022457582,0.002959476,0.129251409,-0.115168447,0.022651744,0.173117584,38.57956627,41.50679967,1.3541426359999966
78,1.608695652,-0.035879025,0.434825054,-0.089443669,0.388320755,-0.062661347,0.411572905,-0.023186901,0.002581541,-0.021857705,-0.011326734,0.023330168,0.024618168,40.96419467,71.46738456,1.3875874519999967
79,1.642140468,-0.037499465,0.435395521,-0.088689024,0.388241881,-0.063094244,0.411818701,-0.012973949,0.007366528,0.306082499,0.143406204,0.014919419,0.338011591,42.64994992,50.52213527,1.4210322679999967
80,1.675585284,-0.036765544,0.436138167,-0.088535582,0.388509896,-0.062650563,0.412324031,0.013297149,0.015144768,0.787345577,0.233114082,0.020153862,0.821130461,42.61395825,-1.078671327,1.4544770839999968
81,1.7090301,-0.03455701,0.437028889,-0.088591572,0.388881456,-0.061574291,0.412955173,0.032255893,0.018915321,0.56819414,0.113003578,0.037392941,0.579322354,41.70259758,-27.31350659,1.4879218999999968
82,1.742474916,-0.033115823,0.437677519,-0.088616427,0.389108277,-0.060866125,0.413392898,0.021223758,0.013118643,-0.330633423,-0.173726603,0.024950886,0.373496175,41.18955788,-15.3758151,1.5213667159999966
83,1.775919732,-0.03348579,0.437786714,-0.088770644,0.389149368,-0.061128217,0.413468041,-0.007854909,0.002252039,-0.87148853,-0.325672454,0.008171369,0.930351979,41.33999373,4.50856671,1.5548115319999967
84,1.809364548,-0.034508351,0.437591187,-0.089010797,0.389111332,-0.061759574,0.41335126,-0.018921784,-0.003499942,-0.331674585,-0.172387043,0.019242752,0.373798506,41.65305145,9.382349263,1.5882563479999967
85,1.842809365,-0.034350419,0.437535581,-0.088863306,0.389056266,-0.061606862,0.413295924,0.004576774,-0.001658413,0.70425249,0.055190684,0.004867976,0.706411765,41.64728418,-0.172845204,1.6217011649999966
86,1.876254181,-0.032471975,0.437712517,-0.088068085,0.388932336,-0.06027003,0.413322426,0.040064904,0.000794281,1.063580326,0.073507329,0.040072776,1.066117459,41.263804,-11.49291246,1.6551459809999967
87,1.909698997,-0.029764502,0.437918756,-0.086946476,0.388715335,-0.058355489,0.413317046,0.057378861,-0.000161258,0.518899805,-0.028637557,0.057379087,0.519689444,40.71103496,-16.5665047,1.6885907969999967
88,1.943143813,-0.027137482,0.438102076,-0.085842467,0.388516815,-0.056489974,0.413309445,0.055909522,-0.000227787,-0.044036133,-0.001993869,0.055909986,0.044081249,40.18616246,-15.73044459,1.7220356129999967
89,1.976588629,-0.024676251,0.438366622,-0.084712673,0.388415204,-0.054694462,0.413390913,0.053811553,0.002441583,-0.062876174,0.080001111,0.053866916,0.101752597,39.76108488,-12.7395876,1.7554804289999968
90,2.010033445,-0.022181533,0.438609915,-0.083573508,0.388265171,-0.052877521,0.413437543,0.054453799,0.001397507,0.019248127,-0.031290995,0.054471729,0.03673713,39.35360775,-12.21210189,1.7889252449999966
91,2.043478261,-0.01971603,0.438645345,-0.08268838,0.387935552,-0.051202205,0.413290449,0.050209263,-0.00440842,-0.127208868,-0.17400381,0.050402423,0.215544478,38.84347749,-15.28861924,1.8223700609999969
92,2.076923077,-0.017253199,0.438754548,-0.081808506,0.38770471,-0.049530852,0.413229629,0.050090486,-0.001822763,-0.003559756,0.077492203,0.05012364,0.077573923,38.33667529,-15.18887711,1.8558148769999967
93,2.110367893,-0.014391305,0.439604704,-0.079910575,0.388081636,-0.04715094,0.41384317,0.071326041,0.018387849,0.636430212,0.605712649,0.073658109,0.878596169,38.18081537,-4.671126448,1.8892596929999965
94,2.143812709,-0.010846592,0.441498491,-0.076363977,0.389270035,-0.043605285,0.415384263,0.106263399,0.046186592,1.047073674,0.833129184,0.115866783,1.338083524,38.5607819,11.38760813,1.9227045089999968
95,2.177257525,-0.006844688,0.444163833,-0.071803679,0.391135365,-0.039324184,0.417649599,0.128304721,0.067892192,0.66057908,0.65051748,0.145160088,0.927112567,39.22605519,19.93826069,1.9561493249999966
96,2.210702341,-0.002769829,0.447162021,-0.067248133,0.393395094,-0.035008981,0.420278558,0.129326748,0.078789968,0.030630179,0.326606663,0.151437336,0.328039815,39.82392469,17.91816682,1.9895941409999969
97,2.244147157,0.001190182,0.449908391,-0.062941345,0.395376598,-0.030875581,0.422642494,0.12387812,0.070847254,-0.163295556,-0.23804336,0.142706419,0.2886695,40.37490582,16.51292084,2.0230389569999967
98,2.277591973,0.004940979,0.45171447,-0.058602356,0.396238453,-0.026830689,0.423976462,0.121225556,0.039979043,-0.079497401,-0.925121215,0.127647794,0.928530613,41.12233327,22.4004231,2.0564837729999965
99,2.311036789,0.008509909,0.452666711,-0.054134739,0.396129041,-0.022812415,0.424397876,0.120427766,0.012629794,-0.023909816,-0.819657827,0.121088226,0.820006484,42.06669281,28.30248368,2.089928588999997
100,2.344481605,0.012272385,0.453916931,-0.049486301,0.39630771,-0.018606958,0.42511232,0.126037686,0.021411922,0.168129498,0.263200634,0.127843532,0.31231731,43.00908697,28.24358134,2.1233734049999966
101,2.377926421,0.01663282,0.456276287,-0.044458633,0.397561833,-0.013912907,0.42691906,0.140680863,0.05414804,0.438856441,0.981102442,0.150741883,1.074782293,43.86337669,25.6030885,2.156818220999997
102,2.411371237,0.021340276,0.459365631,-0.03932062,0.399743917,-0.008990172,0.429554774,0.147534513,0.078992423,0.205404083,0.744586915,0.167350636,0.772399192,44.50500502,19.22962008,2.1902630369999967
103,2.444816054,0.025547207,0.462861474,-0.035080408,0.403211958,-0.004766601,0.433036716,0.12658055,0.104353905,-0.627990881,0.760084383,0.164049911,0.985951731,44.53407801,0.871318463,2.2237078539999966
104,2.47826087,0.028688313,0.467157047,-0.032473482,0.408757268,-0.001892584,0.437957157,0.086134352,0.147465783,-1.212173762,1.292064267,0.170778464,1.771664556,43.67663393,-25.69762464,2.257152669999997
105,2.511705686,0.031057706,0.471776247,-0.030992774,0.415443702,3.25e-05,0.443609975,0.057693813,0.169415101,-0.852363806,0.657821726,0.178969418,1.076686343,42.23474617,-43.2134195,2.2905974859999967
106,2.545150502,0.033479725,0.474741959,-0.029418399,0.420615805,0.002030663,0.447678882,0.059886019,0.121945274,0.065700474,-1.42267214,0.135856488,1.42418839,40.71320849,-45.60052989,2.3240423019999965
107,2.578595318,0.03644987,0.474838314,-0.027143392,0.422913465,0.004653239,0.44887589,0.078598684,0.035874356,0.560819129,-2.579547991,0.086398626,2.639807935,39.23215181,-44.38731292,2.3574871179999968
108,2.612040134,0.039448244,0.473163137,-0.02473192,0.423494786,0.007358162,0.448328961,0.081066637,-0.016391461,0.073964633,-1.566408107,0.082707192,1.568153412,37.73590928,-44.84243358,2.3909319339999966
109,2.64548495,0.041235857,0.471347706,-0.023270461,0.423738563,0.008982698,0.447543134,0.04868738,-0.023551254,-0.970407317,-0.214579222,0.054084402,0.993848381,36.42932687,-39.15831402,2.424376749999997
110,2.678929766,0.041191446,0.46962525,-0.023234056,0.423618952,0.008978695,0.446622101,-0.000119964,-0.02760341,-1.462757571,-0.121443224,0.027603671,1.467790233,35.5306593,-26.93309391,2.4578215659999967
111,2.712374582,0.040120632,0.46768239,-0.023980014,0.422929427,0.008070309,0.445305908,-0.027224359,-0.039446323,-0.812319518,-0.354932472,0.047928886,0.886476203,34.92147835,-18.25717141,2.4912663819999965
112,2.745819398,0.039294236,0.466020279,-0.024424732,0.422334562,0.007434752,0.44417742,-0.019047665,-0.033820819,0.245055748,0.168596542,0.038815736,0.297451028,34.43453052,-14.59384106,2.5247111979999968
113,2.779264214,0.039081527,0.465275854,-0.024135428,0.422407496,0.00747305,0.443841675,0.001147783,-0.010062303,0.605258184,0.712043433,0.010127554,0.934528394,34.14178007,-8.773739825,2.5581560139999966
114,2.81270903,0.039084024,0.46514999,-0.02356616,0.422865392,0.007758932,0.444007691,0.008567919,0.004975501,0.222381715,0.450683442,0.009907818,0.502562625,34.01666296,-3.74976337,2.591600829999997
115,2.846153846,0.039081094,0.465011888,-0.023319905,0.423399528,0.007880594,0.444205708,0.003646213,0.00593459,-0.147503678,0.028743902,0.006965215,0.150278231,33.69750033,-9.565313689,2.6250456459999967
116,2.879598662,0.039090569,0.464885207,-0.023488214,0.424296504,0.007801177,0.444590856,-0.002380129,0.011542878,-0.180609654,0.168080585,0.011785714,0.246720348,32.96750903,-21.87786119,2.6584904619999965
117,2.913043478,0.038983191,0.464988932,-0.023784675,0.425606731,0.007599258,0.445297831,-0.006051535,0.021188086,-0.110032138,0.28906715,0.022035336,0.309300645,32.10523564,-25.84235913,2.6919352779999968
118,2.946488294,0.038867089,0.464835088,-0.024058859,0.426431888,0.007404115,0.445633488,-0.005848445,0.010059649,0.006086615,-0.333519594,0.011636186,0.333575129,31.39538096,-21.27436604,2.7253800939999966
119,2.97993311,0.039300697,0.463741401,-0.024402706,0.425875641,0.007448996,0.444808521,0.001345084,-0.024724289,0.215590282,-1.042475662,0.024760851,1.064534957,30.72755339,-20.01481231,2.758824909999997
120,3.013377926,0.040059929,0.462130941,-0.024798959,0.424507301,0.007630485,0.443319121,0.005439232,-0.044637361,0.122701723,-0.59679536,0.044967536,0.609278602,30.11735836,-18.2875634,2.7922697259999967
121,3.046822742,0.039304418,0.461443585,-0.024978764,0.424112779,0.007162827,0.442778182,-0.014015709,-0.016211957,-0.583065167,0.851910208,0.021430531,1.032335213,30.14477653,0.821723238,2.8257145419999965
122,3.080267559,0.035546026,0.462474584,-0.024769586,0.425700226,0.00538822,0.444087405,-0.053185038,0.039237438,-1.17390597,1.661820047,0.066092548,2.034625542,31.37061334,36.73836597,2.859159358999997
123,3.113712375,0.030242768,0.464402964,-0.02435988,0.428214164,0.002941444,0.446308564,-0.07332995,0.066568198,-0.603743596,0.819103689,0.099038409,1.017564339,33.53507951,64.86911598,2.8926041749999967
124,3.147157191,0.026751935,0.465825562,-0.024038933,0.429695403,0.001356501,0.447760482,-0.047500791,0.04351404,0.774100659,-0.690933802,0.064418917,1.037603656,35.42620078,56.67696125,2.9260489909999965
125,3.180602007,0.026586233,0.466262876,-0.023864863,0.429430249,0.001360685,0.447846562,0.000125405,0.002579827,1.427358518,-1.226799584,0.002582874,1.882123683,36.13190884,21.15009155,2.9594938069999968
126,3.214046823,0.028181431,0.46625555,-0.02377491,0.428348699,0.00220326,0.447302125,0.025252002,-0.016316816,0.753044861,-0.566332975,0.030064964,0.942236489,36.11413343,-0.5327294,2.9929386229999966
127,3.247491639,0.029313238,0.466451504,-0.023819483,0.427478451,0.002746877,0.446964978,0.016292219,-0.010104299,-0.26852496,0.186189321,0.019171157,0.32676003,36.26018887,4.377285716,3.026383438999997
128,3.280936455,0.029127977,0.467084883,-0.024062266,0.426864831,0.002532856,0.446974857,-0.00641424,0.000296079,-0.68051325,0.311699645,0.00642107,0.748501805,37.09492042,25.01692982,3.0598282549999967
129,3.314381271,0.028001173,0.46796754,-0.024424146,0.426207537,0.001788513,0.447087538,-0.022307963,0.003377065,-0.476335359,0.092337237,0.022562132,0.485202575,38.53948595,43.29367201,3.0932730709999965
130,3.347826087,0.02719755,0.468508095,-0.024830717,0.425719475,0.001183417,0.447113785,-0.018134756,0.000786599,0.125071139,-0.077636331,0.018151807,0.147207981,39.43425568,26.81627578,3.1267178869999968
131,3.381270903,0.028151991,0.468149234,-0.02532289,0.425762053,0.00141455,0.446955644,0.006927084,-0.004739489,0.751104101,-0.165617043,0.008393286,0.769146524,38.40231125,-30.92740567,3.1601627029999966
132,3.414715719,0.029826955,0.467347654,-0.0258289,0.426094987,0.001999028,0.446721321,0.017516801,-0.00702267,0.317374123,-0.068426985,0.018872101,0.324666885,36.54620604,-55.62752873,3.193607518999997
133,3.448160535,0.027638962,0.46766603,-0.026051264,0.426105938,0.000793849,0.446885984,-0.036119244,0.004934965,-1.607473881,0.358370665,0.036454817,1.6469371,37.74244461,35.85130585,3.2270523349999967
134,3.481605351,0.018235959,0.470119332,-0.025795287,0.425583142,-0.003779664,0.447851237,-0.137068318,0.028928662,-3.025446759,0.719091817,0.140087798,3.109730074,45.32665362,227.2989715,3.2604971509999965
135,3.515050167,0.005020247,0.473715017,-0.02521544,0.42476083,-0.010097596,0.449237923,-0.189348628,0.041559034,-1.566842445,0.378532644,0.193855761,1.611918798,58.29918232,388.7870738,3.2939419669999968
136,3.548494983,-0.004513004,0.476428265,-0.024563921,0.423742076,-0.014538462,0.45008517,-0.13309288,0.025392019,1.685986448,-0.484525917,0.135493429,1.754227941,69.16454915,325.6353695,3.3273867829999966
137,3.581939799,-0.007034659,0.47744568,-0.023889702,0.422373039,-0.01546218,0.449909359,-0.02768386,-0.005269058,3.159111468,-0.918913398,0.028180829,3.290043632,72.9832109,114.445407,3.360831598999997
138,3.615384615,-0.005852725,0.477670206,-0.023131863,0.42068203,-0.014492294,0.449176118,0.029067521,-0.021975265,1.70084059,-0.500685525,0.036439443,1.773004429,73.13239987,4.471198157,3.3942764149999967
139,3.648829431,-0.005255528,0.478153444,-0.022330427,0.419057824,-0.013792978,0.448605634,0.020958537,-0.017097418,-0.243026475,0.146189213,0.027047772,0.283607393,73.88404903,22.52694771,3.4277212309999965
140,3.682274247,-0.005877909,0.478941618,-0.021589366,0.417870207,-0.013733638,0.448405912,0.001778423,-0.005985674,-0.574828593,0.333019302,0.006244284,0.664326551,75.57273342,50.60992186,3.4611660469999967
141,3.715719064,-0.006275288,0.479648858,-0.020916164,0.417007352,-0.013595726,0.448328105,0.004133205,-0.00233189,0.070572872,0.109504012,0.004745639,0.13027532,76.84470613,38.12106016,3.4946108639999967
142,3.74916388,-0.005991562,0.480358131,-0.020218476,0.415849597,-0.013105019,0.448103864,0.01470652,-0.006720506,0.316882572,-0.131526956,0.016169321,0.343094601,77.56290247,21.52436578,3.5280556799999965
143,3.782608696,-0.005599377,0.481389607,-0.019469243,0.413899858,-0.01253431,0.447644733,0.017104158,-0.013760177,0.071857273,-0.210979136,0.021952099,0.22288038,78.38679564,24.69210295,3.5615004959999967
144,3.816053512,-0.005342525,0.482552699,-0.018784727,0.411608542,-0.012063626,0.44708062,0.014106408,-0.016906472,-0.089842639,-0.094294565,0.022018618,0.130242715,79.27102243,26.50030339,3.5949453119999966
145,3.849498328,-0.00498562,0.483236164,-0.018229647,0.410225245,-0.011607634,0.446730704,0.013666111,-0.010486986,-0.013195709,0.192392187,0.017226128,0.192844186,79.71846502,13.40986794,3.628390127999997
146,3.882943144,-0.004440112,0.483186653,-0.017646791,0.410412268,-0.011043451,0.44679946,0.016908555,0.00206062,0.097176131,0.376052127,0.017033654,0.388404947,79.71422867,-0.126963487,3.6618349439999966
147,3.91638796,-0.003913965,0.482719464,-0.016972996,0.411347333,-0.010443481,0.447033399,0.017981146,0.007011132,0.032145601,0.148366989,0.019299679,0.15180943,79.63122739,-2.487550787,3.6952797599999965
148,3.949832776,-0.003612113,0.482179096,-0.016653837,0.411712025,-0.010132975,0.446945561,0.009305855,-0.002632502,-0.259998731,-0.289019998,0.00967104,0.388756864,79.51460287,-3.495240326,3.7287245759999967
149,3.983277592,-0.00354336,0.481672116,-0.017184663,0.411143037,-0.010364011,0.446407577,-0.006924164,-0.016123402,-0.486414161,-0.404322674,0.017547311,0.632515266,79.05336591,-13.82328553,3.7621693919999966
150,4.016722408,-0.003599675,0.481267465,-0.018095471,0.410066542,-0.010847573,0.445667004,-0.01449235,-0.022194991,-0.226818778,-0.181965708,0.026507468,0.290789059,78.49242387,-16.81144979,3.7956142079999964
151,4.050167224,-0.003718955,0.480896861,-0.018070813,0.408617705,-0.010894884,0.444757283,-0.00141791,-0.02726435,0.391841367,-0.151928832,0.027301195,0.420264234,78.76933927,8.299162731,3.8290590239999966
152,4.08361204,-0.003896806,0.480222854,-0.016449969,0.406608455,-0.010173388,0.443415655,0.021623265,-0.040208652,0.690544711,-0.387941136,0.045654149,0.792054495,80.32267079,46.55339215,3.862503839999997
153,4.117056856,-0.004084262,0.479373602,-0.013982849,0.404206785,-0.009033556,0.441790193,0.034160796,-0.048715116,0.375750169,-0.25493898,0.059498929,0.454072762,82.49798596,65.19426099,3.8959486559999963
154,4.150501672,-0.004216907,0.479571855,-0.011705937,0.401790203,-0.007961422,0.440681029,0.032131874,-0.033241703,-0.060806836,0.463738648,0.046232761,0.467708248,84.50035866,60.01116978,3.9293934719999966
155,4.183946488,-0.00432531,0.481882899,-0.009781674,0.399411006,-0.007053492,0.440646952,0.027210688,-0.001021268,-0.147488091,0.965647423,0.027229847,0.976845782,86.21481148,51.38220232,3.962838287999997
156,4.217391304,-0.00442424,0.485297048,-0.007965234,0.39712519,-0.006194737,0.441211119,0.02573691,0.016908103,-0.044169171,0.537343774,0.030794034,0.539156051,87.70022934,44.51801778,3.996283103999997
157,4.25083612,-0.00431614,0.487305605,-0.006489894,0.39547397,-0.005403017,0.441389788,0.023727881,0.005354692,-0.06021067,-0.346256081,0.024324577,0.351452128,88.64400017,28.28484016,4.0297279199999965
158,4.284280936,-0.003783726,0.486699577,-0.0057557,0.39491745,-0.004769713,0.440808514,0.018980135,-0.017420798,-0.142290092,-0.682582113,0.025762953,0.697255198,88.76916721,3.751259829,4.063172735999997
159,4.317725753,-0.00301937,0.484712352,-0.005578537,0.395109028,-0.004298953,0.43991069,0.014108687,-0.026907803,-0.145997452,-0.284325813,0.030382312,0.319619186,88.36401563,-12.14240503,4.096617552999997
160,4.351170569,-0.002555422,0.483102994,-0.00539835,0.395325025,-0.003976886,0.439214009,0.009652363,-0.020879536,-0.133556156,0.18066734,0.023002677,0.22467295,88.14496911,-6.564830814,4.1300623689999965
161,4.384615385,-0.00264998,0.482258377,-0.005012489,0.395315106,-0.003831234,0.438786742,0.004365185,-0.012805227,-0.158456866,0.241987267,0.01352881,0.289251475,88.44348513,8.946534258,4.163507184999997
162,4.418060201,-0.003014156,0.481631836,-0.004649547,0.395282861,-0.003831852,0.438457349,-1.85e-05,-0.009871922,-0.131379411,0.087911257,0.009871939,0.1580789,88.91498647,14.1309091,4.196952000999997
163,4.451505017,-0.003276077,0.480974514,-0.004471526,0.395345918,-0.003873801,0.438160216,-0.001257225,-0.008905076,-0.037124392,0.028976395,0.008993386,0.047094075,89.20015337,8.546460674,4.230396816999996
164,4.484949833,-0.003415371,0.48044863,-0.004389269,0.395417417,-0.00390232,0.437933024,-0.000854706,-0.00680896,0.012063513,0.062820677,0.006862394,0.063968475,89.34379575,4.304966509,4.263841632999997
165,4.518394649,-0.003533725,0.480177745,-0.004348324,0.395415683,-0.003941025,0.437796714,-0.001159977,-0.0040852,-0.009149003,0.081631152,0.004246694,0.08214225,89.44938052,3.164378642,4.297286448999997
166,4.551839465,-0.003483278,0.480215092,-0.00447476,0.395304325,-0.003979019,0.437759708,-0.001138688,-0.001109066,0.000638035,0.089194827,0.00158954,0.089197109,89.33100152,-3.547822185,4.330731264999996
167,4.585284281,-0.003050681,0.480590649,-0.004820831,0.395032869,-0.003935756,0.437811759,0.001296579,0.001559966,0.072985037,0.079990962,0.00202845,0.108283746,88.81474677,-15.47217026,4.3641760809999965
168,4.618729097,-0.002374918,0.481165837,-0.005220718,0.394614497,-0.003797818,0.437890167,0.004134013,0.002349889,0.085037966,0.023674033,0.004755212,0.088271827,88.11679876,-20.91752297,4.397620896999997
169,4.652173913,-0.001879719,0.481744103,-0.005593501,0.394224206,-0.00373661,0.437984155,0.001834412,0.002816808,-0.068919114,0.013993564,0.003361469,0.070325415,87.57019272,-16.38179922,4.431065712999997
170,4.685618729,-0.001807099,0.482313837,-0.006108015,0.394085954,-0.003957557,0.438199896,-0.006621786,0.006465772,-0.253432486,0.109359576,0.009254959,0.276020909,87.20916557,-10.81999451,4.4645105289999965
171,4.719063545,-0.001990533,0.482847555,-0.006714779,0.394154734,-0.004352656,0.438501144,-0.011841132,0.00902843,-0.156423977,0.076802932,0.014890432,0.174261731,86.95100638,-7.7370387,4.497955344999997
172,4.752508361,-0.002063803,0.483025439,-0.006825403,0.393948269,-0.004444603,0.438486854,-0.002755657,-0.000428288,0.27229198,-0.283418121,0.002788741,0.393025131,86.94017882,-0.324502405,4.531400160999997
173,4.785953177,-0.001817414,0.482592808,-0.006002805,0.392981029,-0.003910109,0.437786919,0.016018795,-0.02097708,0.562670892,-0.615847913,0.026393933,0.834186541,87.32589743,11.55999848,4.564844976999996
174,4.819397993,-0.001437761,0.481828749,-0.004755001,0.391574066,-0.003096381,0.436701408,0.024387454,-0.032532802,0.250808935,-0.346325342,0.040658715,0.427605384,87.89508584,17.05859377,4.598289792999997
175,4.852842809,-0.001415373,0.481230546,-0.00398961,0.390910541,-0.002702492,0.436070544,0.01180488,-0.018907012,-0.377100111,0.408365323,0.022289691,0.555847759,88.36743768,14.15639855,4.631734608999997
176,4.886287625,-0.002042266,0.480921243,-0.003859566,0.391783893,-0.002950916,0.436352568,-0.007445279,0.008452284,-0.576927848,0.819958942,0.011263805,1.002585861,88.83203624,13.92403296,4.665179424999996
177,4.919732441,-0.002979151,0.480787149,-0.003946733,0.393412925,-0.003462942,0.437100037,-0.015345428,0.022401671,-0.236767698,0.418063533,0.027153582,0.480454015,89.36553262,15.98890255,4.6986242409999965
178,4.953177258,-0.003539037,0.480962544,-0.004400758,0.394066327,-0.003969898,0.437514435,-0.015193488,0.01241953,0.004553664,-0.299165067,0.019623628,0.299199722,89.43183531,1.987093563,4.732069057999997
179,4.986622074,-0.003419064,0.481691763,-0.005750311,0.392901592,-0.004584688,0.437296678,-0.01842528,-0.006526206,-0.096856914,-0.567804284,0.019546926,0.576006047,88.49600556,-28.04684573,4.765513873999996
180,5.02006689,-0.002932289,0.482814568,-0.007486475,0.390712497,-0.005209382,0.436763532,-0.018722108,-0.015978384,-0.008895937,-0.283282032,0.024613534,0.283421677,87.16919214,-39.76463785,4.7989586899999965
181,5.053511706,-0.002570795,0.483699269,-0.008113158,0.388848408,-0.005341977,0.436273838,-0.003973864,-0.014676142,0.442005305,0.039028224,0.015204629,0.443725018,86.65587254,-15.38420375,4.832403505999997
182,5.086956522,-0.002610031,0.48367461,-0.006982777,0.387854631,-0.004796404,0.43576462,0.016350839,-0.015261281,0.609131958,-0.017536633,0.022366417,0.609384341,87.38711933,21.91548796,4.865848321999997
183,5.120401338,-0.002991536,0.482721721,-0.004881152,0.387179094,-0.003936344,0.434950407,0.025776017,-0.024401993,0.282472881,-0.273947408,0.035494511,0.39349474,88.86696747,44.35109331,4.899293137999996
184,5.153846154,-0.003240814,0.482027484,-0.00244921,0.385821913,-0.002845012,0.433924699,0.032707249,-0.030740515,0.207729222,-0.189965711,0.044885893,0.281493163,-89.52856655,-5346.519501,4.932737953999997
185,5.18729097,-0.002820995,0.483033662,0.000571844,0.383299251,-0.001124576,0.433166457,0.051561529,-0.022724534,0.565063332,0.240239212,0.0563471,0.61401258,-88.05162096,44.26410356,4.966182769999997
186,5.220735786,-0.002148306,0.48480896,0.003997303,0.380244572,0.000924498,0.432526766,0.061410814,-0.019171541,0.29518336,0.106483288,0.064333786,0.313802337,-86.63639916,42.41423967,4.999627585999996
187,5.254180602,-0.002832676,0.483414234,0.006561317,0.377943856,0.001864321,0.430679045,0.028166496,-0.055376264,-0.996333211,-1.085056641,0.06212795,1.473101416,-84.91023307,51.73324961,5.033072401999997
188,5.287625418,-0.005986973,0.476087052,0.007434692,0.377069022,0.000723859,0.426578037,-0.034179652,-0.122907333,-1.868515915,-2.023908143,0.127571396,2.75455185,-82.28073609,78.80610324,5.066517217999997
189,5.321070234,-0.010522448,0.46560936,0.007263781,0.377027593,-0.001629334,0.421318476,-0.070525265,-0.15762919,-1.089279108,-1.040615106,0.172686927,1.5064557,-78.64661634,108.9146779,5.099962033999996
190,5.35451505,-0.014080805,0.458057631,0.007008999,0.376694594,-0.003535903,0.417376112,-0.057139943,-0.118152771,0.401158509,1.183109468,0.131244239,1.249270252,-75.46839377,95.25142544,5.1334068499999965
191,5.387959866,-0.01557895,0.456200171,0.006743574,0.375599955,-0.004417688,0.415900063,-0.026427116,-0.044237241,0.920464338,2.215250657,0.051529855,2.398872667,-74.51973477,28.4313389,5.166851665999997
192,5.421404682,-0.016020356,0.457332756,0.006244465,0.374278805,-0.004887945,0.415805781,-0.01409363,-0.002825641,0.369634951,1.241106877,0.014374096,1.294981188,-74.99318926,-14.18944522,5.200296481999997
193,5.454849498,-0.016900037,0.457601426,0.005889242,0.373573683,-0.005505398,0.415587555,-0.018505072,-0.006540237,-0.132211059,-0.111326554,0.019626829,0.172839132,-74.82575459,5.018021842,5.233741297999996
194,5.488294314,-0.018609326,0.456113968,0.006204131,0.373722384,-0.006202598,0.414918176,-0.020895102,-0.020061294,-0.071629272,-0.405226479,0.028966546,0.411508508,-73.23953959,47.53891114,5.267186113999997
195,5.52173913,-0.020476352,0.454362649,0.006982839,0.374232899,-0.006746757,0.414297774,-0.016308459,-0.018593469,0.137461821,0.04399076,0.024732225,0.144329274,-71.08422746,64.59476926,5.300630929999997
196,5.555183946,-0.021778316,0.4535732,0.007457291,0.374630478,-0.007160512,0.414101839,-0.012400275,-0.005872183,0.117128405,0.38125732,0.013720399,0.398843588,-69.67841902,42.13212112,5.334075745999996
197,5.588628763,-0.022447027,0.453624918,0.007218162,0.374972125,-0.007614432,0.414298521,-0.013603997,0.005894571,-0.036075585,0.35264998,0.014826149,0.354490418,-69.33521102,10.28595385,5.367520562999997
198,5.622073579,-0.022892719,0.453780176,0.006658191,0.375354751,-0.008117264,0.414567464,-0.015069886,0.008060214,-0.04393273,0.064904374,0.017090012,0.078375139,-69.35345644,-0.546815804,5.400965378999997
199,5.655518395,-0.023295973,0.453706836,0.006525148,0.375326597,-0.008385412,0.414516716,-0.008036406,-0.001520904,0.210793594,-0.287146373,0.008179057,0.356211985,-69.1698148,5.503745522,5.434410194999996
200,5.688963211,-0.023402743,0.453570216,0.007154414,0.374390704,-0.008124164,0.41398046,0.007829615,-0.016071602,0.475505129,-0.436084884,0.01787734,0.645193889,-68.89727538,8.168014653,5.467855010999997
201,5.722408027,-0.023266152,0.45319709,0.008145649,0.372939301,-0.007560252,0.413068196,0.016900478,-0.027340599,0.271854025,-0.337732155,0.032142409,0.433552326,-68.62530451,8.150974964,5.501299826999997
202,5.755852843,-0.02376774,0.451849573,0.008776347,0.37205119,-0.007495697,0.411950381,0.001934712,-0.033500929,-0.448524448,-0.184625289,0.033556748,0.48503678,-67.81294519,24.34643322,5.534744642999997
203,5.789297659,-0.025708791,0.449331624,0.008719138,0.372286798,-0.008494827,0.410809211,-0.02994395,-0.034200904,-0.955404459,-0.020978265,0.045457035,0.955634746,-65.92224186,56.66443557,5.5681894589999965
204,5.822742475,-0.028462431,0.446387986,0.008315312,0.373143982,-0.01007356,0.409765984,-0.047314676,-0.03126555,-0.520601185,0.087972649,0.056711667,0.5279818,-63.33756805,77.46275143,5.601634274999997
205,5.856187291,-0.030270328,0.443191234,0.008163805,0.37377842,-0.011053262,0.408484827,-0.029361698,-0.038396324,0.538051314,-0.213709502,0.048336187,0.57893952,-61.02653839,69.26162835,5.635079090999997
206,5.889632107,-0.030140182,0.438833385,0.008522527,0.373882775,-0.010808827,0.40635808,0.007325696,-0.063738671,1.0995223,-0.7595109,0.064158273,1.336340561,-59.23621716,53.65598094,5.668523906999996
207,5.923076923,-0.028971239,0.433770321,0.009120189,0.373796047,-0.009925525,0.403783184,0.026472589,-0.077169698,0.573832944,-0.402528293,0.081584069,0.700937425,-57.57916739,49.66183111,5.701968722999997
208,5.956521739,-0.028499797,0.43109112,0.009481244,0.374060754,-0.009509276,0.402575937,0.012475002,-0.03618123,-0.419508111,1.228425629,0.038271491,1.298081885,-56.33720807,37.22155823,5.735413538999997
209,5.989966555,-0.029437508,0.432936644,0.009408321,0.374925885,-0.010014593,0.403931264,-0.015144369,0.040619197,-0.827753367,2.301711099,0.043350561,2.446027314,-56.19249132,4.337165107,5.768858354999996
210,6.023411371,-0.030944892,0.436882093,0.009163921,0.376068651,-0.010890486,0.406475372,-0.02625052,0.076246978,-0.332851681,1.067765645,0.080639267,1.118442539,-56.5936074,-12.02146094,5.802303170999997
211,6.056856187,-0.031759685,0.438637043,0.00916772,0.376814585,-0.011295983,0.407725814,-0.012152765,0.037475798,0.422510155,-1.161973425,0.039397019,1.236404898,-56.49483674,2.960159577,5.835747986999997
212,6.090301003,-0.031493098,0.437241264,0.009548836,0.376806376,-0.010972131,0.40702382,0.009705859,-0.021038777,0.655103589,-1.753683554,0.023169675,1.872048803,-55.81918368,20.24934261,5.869192802999997
213,6.123745819,-0.030743066,0.434384619,0.010100405,0.376401309,-0.01032133,0.405392964,0.019504514,-0.048876816,0.29366599,-0.83430686,0.052624796,0.884481571,-54.83911514,29.37268354,5.9026376189999965
214,6.157190635,-0.030214571,0.429742343,0.010642842,0.37625162,-0.009785864,0.402996981,0.016047927,-0.071807676,-0.103594018,-0.687238562,0.073579061,0.695002562,-52.62659791,66.30920759,5.936082434999997
215,6.190635452,-0.030058219,0.421363033,0.011211919,0.376586078,-0.00942315,0.398974556,0.010870562,-0.120552215,-0.155165763,-1.460875297,0.121041338,1.469092594,-47.33377635,158.6260208,5.969527251999997
216,6.224080268,-0.030039409,0.410706609,0.01181957,0.37709637,-0.00910992,0.393901489,0.009387524,-0.152039949,-0.044446718,-0.943688344,0.152329484,0.94473446,-38.7623663,256.8854162,6.0029720679999965
217,6.257525084,-0.029992072,0.402855494,0.01227182,0.3774361,-0.008860126,0.390145797,0.007486326,-0.112558206,-0.056978951,1.18326904,0.112806891,1.184640123,-31.02458213,231.9016235,6.036416883999997
218,6.2909699,-0.029927524,0.400551099,0.012404808,0.377553051,-0.008761358,0.389052075,0.002960072,-0.03277888,-0.135651976,2.390988789,0.032912262,2.394833783,-28.51407514,75.23996978,6.069861699999997
219,6.324414716,-0.029908014,0.401396705,0.012347216,0.377528559,-0.008780399,0.389462632,-0.00057065,0.012304389,-0.105815835,1.351146919,0.012317615,1.355284099,-29.46021971,-28.35598123,6.103306515999996
220,6.357859532,-0.029997262,0.401958346,0.012364649,0.377395635,-0.008816307,0.38967699,-0.00107616,0.006424337,-0.015150152,-0.176225334,0.006513849,0.176875367,-30.10644787,-19.36747731,6.136751331999997
221,6.391304348,-0.030234993,0.401592214,0.012540226,0.377205709,-0.008847384,0.389398961,-0.000931375,-0.008332539,0.004339221,-0.442264025,0.00838443,0.442285311,-29.6878207,12.54626871,6.170196147999997
222,6.424749164,-0.030554642,0.401238971,0.012769224,0.376983608,-0.008892709,0.389111289,-0.001358404,-0.008621541,-0.012798092,-0.008661399,0.0087279,0.015453511,-29.24278346,13.33777966,6.203640963999996
223,6.45819398,-0.030798324,0.401188973,0.012994209,0.37652697,-0.008902057,0.388857971,-0.000280171,-0.007591948,0.032314704,0.030856923,0.007597116,0.044680977,-29.38627305,-4.300387476,6.237085779999997
224,6.491638796,-0.030864421,0.401257306,0.013270373,0.37560971,-0.008797024,0.388433508,0.003147853,-0.012721177,0.102737959,-0.153723137,0.013104859,0.18489427,-30.1617122,-23.23993461,6.270530595999997
225,6.525083612,-0.030792927,0.401163734,0.01360946,0.37451903,-0.008591733,0.387841382,0.006152562,-0.017746037,0.090051232,-0.150595204,0.018782328,0.175465495,-30.96686001,-24.13030391,6.303975411999997
226,6.558528428,-0.030705289,0.399736971,0.013925484,0.374003279,-0.008389902,0.386870125,0.006048891,-0.029108598,-0.003107038,-0.3405363,0.029730449,0.340550474,-29.96735152,29.95529927,6.3374202279999965
227,6.591973244,-0.030682705,0.39541168,0.014194632,0.374506836,-0.008244037,0.384959258,0.004371593,-0.057268744,-0.050268652,-0.843960418,0.057435354,0.845456164,-24.97713187,149.5570327,6.370865043999997
228,6.62541806,-0.030659396,0.38877505,0.014521135,0.375748229,-0.00806913,0.38226164,0.005241947,-0.080847699,0.026084531,-0.706661994,0.081017458,0.707143251,-16.08376319,266.5345256,6.404309859999997
229,6.658862876,-0.030458024,0.383525999,0.014927,0.377119511,-0.007765512,0.380322755,0.009099448,-0.058108447,0.115609415,0.68149609,0.058816592,0.691232564,-8.034708723,241.2304037,6.437754675999996
230,6.692307692,-0.03002784,0.382920447,0.015256176,0.378277594,-0.007385832,0.38059902,0.011379029,0.008279694,0.068319112,1.989654565,0.014072513,1.990827162,-5.853933066,65.35791181,6.471199491999997
231,6.725752508,-0.029571602,0.384827316,0.015536048,0.379459764,-0.007017777,0.38214354,0.011030611,0.0462893,-0.01044211,1.139149026,0.047585435,1.139196884,-6.785960621,-27.93289375,6.504644307999997
232,6.759197324,-0.029304658,0.382404078,0.016248012,0.38139775,-0.006528323,0.381900914,0.014668955,-0.007271518,0.109041288,-1.605219334,0.016372331,1.608918616,-1.26554543,165.4470087,6.538089123999996
233,6.79264214,-0.029266548,0.371816566,0.017796666,0.384593112,-0.005734941,0.378204839,0.023777695,-0.110771469,0.272989221,-3.101896605,0.113294735,3.113885942,15.1883825,493.1247132,6.571533939999997
234,6.826086957,-0.029539664,0.357816214,0.019763434,0.388456912,-0.004888115,0.373136563,0.025379393,-0.151896384,0.04800293,-1.232514955,0.15400203,1.233449389,31.85996406,499.6477991,6.604978756999997
235,6.859531773,-0.030331254,0.348628076,0.021180881,0.391581653,-0.004575186,0.370104864,0.009378479,-0.090860101,-0.47954788,1.829259223,0.091342837,1.891072573,39.82315728,238.6571393,6.638423572999996
236,6.892976589,-0.031631677,0.346697947,0.021596474,0.393144559,-0.005017601,0.369921253,-0.013259185,-0.005502836,-0.678451448,2.55815979,0.014355737,2.646597415,41.10778408,38.50030372,6.671868388999997
237,6.926421405,-0.033267909,0.348588664,0.021434736,0.393756116,-0.005916587,0.37117239,-0.026942623,0.037496623,-0.410093063,1.288695094,0.046172521,1.352372495,39.54616284,-46.80183551,6.705313204999997
238,6.959866221,-0.035475475,0.352539338,0.021309588,0.394771912,-0.007082943,0.373655625,-0.034955749,0.074422613,-0.240153609,1.106673008,0.082223048,1.132430529,36.63917083,-87.1226374,6.738758020999997
239,6.993311037,-0.038671139,0.360173244,0.021427331,0.396930386,-0.008621904,0.378551815,-0.046122692,0.146738967,-0.33467363,2.167323297,0.153816862,2.193010878,31.45059308,-155.5018309,6.7722028369999965
240,7.026755853,-0.042361535,0.370587038,0.021639852,0.399598463,-0.010360842,0.385092751,-0.052116018,0.196032039,-0.179620163,1.477314865,0.202841415,1.488194413,24.38448704,-211.7714095,6.805647652999997
241,7.060200669,-0.045155155,0.378808789,0.021652164,0.401255807,-0.011751495,0.390032298,-0.041677926,0.148038376,0.312829945,-1.438371512,0.153793402,1.471997004,18.57216291,-174.1955286,6.839092468999997
242,7.093645485,-0.046300747,0.381849218,0.021256361,0.40103202,-0.012522193,0.391440619,-0.023097838,0.042207426,0.556845775,-3.171756746,0.048114208,3.220266771,15.85186537,-81.52739877,6.872537284999996
243,7.127090301,-0.04644774,0.381907081,0.020746127,0.399895633,-0.012850806,0.390901357,-0.009848555,-0.016161694,0.397081417,-1.749324271,0.018926024,1.793825259,14.98727811,-25.91170621,6.905982100999997
244,7.160535117,-0.046542854,0.382125203,0.020884776,0.399839661,-0.012829039,0.390982432,0.000652368,0.002429825,0.314712985,0.557188382,0.002515877,0.639924336,14.71999329,-8.01053394,6.939426916999997
245,7.193979933,-0.046758182,0.382762496,0.022049234,0.40170877,-0.012354474,0.392235633,0.014222738,0.037558464,0.406704399,1.052806343,0.040161231,1.128631766,15.39501119,20.23030683,6.972871732999996
246,7.227424749,-0.046827707,0.382860595,0.023723181,0.40444944,-0.011552263,0.393655017,0.024042275,0.042538991,0.294291814,0.149266552,0.048863041,0.329982083,17.01431395,48.53055216,7.006316548999997
247,7.260869565,-0.046672611,0.382578614,0.025262349,0.406730826,-0.010705131,0.39465472,0.025388579,0.029961118,0.040348776,-0.376959229,0.039271473,0.379112495,18.5595119,46.30962873,7.039761364999997
248,7.294314381,-0.046299429,0.382264897,0.02667067,0.408426991,-0.00981438,0.395345944,0.026695838,0.020715998,0.039178578,-0.277076531,0.033790832,0.279832745,19.72436643,34.91072517,7.073206180999997
249,7.327759197,-0.045691507,0.381508011,0.028046397,0.409921084,-0.008822555,0.395714547,0.029725018,0.011047064,0.090784616,-0.289778225,0.031711423,0.303666373,21.07293132,40.41653017,7.1066509969999965
250,7.361204013,-0.045165925,0.380676468,0.028847537,0.410821211,-0.008159194,0.395748839,0.019880945,0.001027733,-0.295027149,-0.300279673,0.019907492,0.420961876,22.1604435,32.59277282,7.140095812999997
251,7.394648829,-0.04523036,0.38128223,0.028553645,0.410410794,-0.008338357,0.395846512,-0.005369528,0.002927248,-0.756757453,0.056928526,0.006115604,0.758895711,21.5431929,-18.49901918,7.173540628999997
252,7.428093645,-0.045584667,0.38270549,0.027652272,0.409040473,-0.008966197,0.395872982,-0.018816376,0.000793298,-0.403002428,-0.06395455,0.018833091,0.408045513,19.77787768,-52.90654988,7.206985444999996
253,7.461538462,-0.04485613,0.380528836,0.027073907,0.408111071,-0.008891112,0.394319954,0.002250314,-0.046544299,0.631369335,-1.418709201,0.046598666,1.552856411,20.97978089,36.02107514,7.240430261999997
254,7.494983278,-0.042108634,0.371368198,0.026949042,0.408516189,-0.007579796,0.389942194,0.039300166,-0.131201597,1.110385166,-2.537181738,0.13696117,2.769520967,28.2770087,218.6981363,7.273875077999997
255,7.528428094,-0.038276734,0.358479814,0.02688643,0.409567816,-0.005695152,0.384023815,0.056482847,-0.177373987,0.514965462,-1.383787924,0.186150056,1.476502098,38.09649044,294.290162,7.307319893999996
256,7.56187291,-0.035303781,0.34918217,0.0272426,0.409707384,-0.00403059,0.379444777,0.04988696,-0.137233908,-0.197678913,1.202999369,0.146020048,1.219132657,44.05913374,178.7005984,7.340764709999997
257,7.595317726,-0.034049138,0.346806417,0.028844581,0.408208197,-0.002602278,0.377507307,0.042806555,-0.058066037,-0.21219995,2.372663482,0.072139211,2.382133669,44.31230274,7.587482468,7.374209525999997
258,7.628762542,-0.033734591,0.348112629,0.031208041,0.405992133,-0.001263275,0.377052381,0.040129965,-0.013634141,-0.080217486,1.331625244,0.042382826,1.334039218,41.70871817,-78.02950757,7.407654341999996
259,7.662207358,-0.033240725,0.348527867,0.032292299,0.404619959,-0.000474213,0.376573913,0.023648204,-0.014339692,-0.493958885,-0.021145374,0.02765618,0.494411273,40.5614181,-34.38461743,7.4410991579999965
260,7.695652174,-0.032265005,0.34694393,0.030824305,0.404663785,-0.00072035,0.375803858,-0.007376729,-0.023078587,-0.929818155,-0.261904974,0.024228853,0.966000009,42.4551208,56.75432644,7.474543973999997
261,7.72909699,-0.031305361,0.345041125,0.028038083,0.405431602,-0.001633639,0.375236363,-0.027371299,-0.01700782,-0.599237863,0.181941083,0.032225051,0.62624961,45.50101971,91.28568163,7.507988789999997
262,7.762541806,-0.03102316,0.344504264,0.026209013,0.406126905,-0.002407073,0.375315584,-0.023179845,0.002374257,0.125617995,0.580881431,0.023301122,0.594308942,47.11553052,48.38693746,7.5414336059999965
263,7.795986622,-0.03162509,0.345733778,0.026060947,0.406678047,-0.002782071,0.376205912,-0.011238709,0.026683157,0.357876203,0.72853846,0.028953401,0.811691854,46.57325761,-16.25193539,7.574878421999997
264,7.829431438,-0.032675901,0.347743102,0.026603439,0.407341285,-0.003036231,0.377542193,-0.007617181,0.040048378,0.108537288,0.400556084,0.040766335,0.415000626,45.15367334,-42.54498317,7.608323237999997
265,7.862876254,-0.033569316,0.348767812,0.027070976,0.408058322,-0.00324917,0.378413067,-0.006381773,0.026100112,0.037025239,-0.418029973,0.026868994,0.419666447,44.35518195,-23.93081075,7.641768053999996
266,7.89632107,-0.03410553,0.347860651,0.027744622,0.408558434,-0.003180454,0.378209543,0.002059409,-0.006099633,0.25298245,-0.965027324,0.006437911,0.997636134,44.46123983,3.178557882,7.675212869999997
267,7.929765886,-0.034419721,0.345987474,0.028759256,0.408878238,-0.002830232,0.377432856,0.01049616,-0.02327733,0.25284969,-0.514816085,0.025534359,0.573557815,44.86901387,12.22100007,7.708657685999997
268,7.963210702,-0.034548335,0.344863357,0.029273623,0.409466801,-0.002637356,0.377165079,0.00578052,-0.008025265,-0.141327865,0.457104861,0.009890363,0.478454198,45.34864809,14.37465196,7.742102501999996
269,7.996655518,-0.034379502,0.344941941,0.028499673,0.410677517,-0.002939915,0.377809729,-0.0090677,0.019320175,-0.445001616,0.819543636,0.021342267,0.932565391,46.27227114,27.68101037,7.7755473179999965
270,8.030100334,-0.033901084,0.345432507,0.026983368,0.412220787,-0.003458858,0.378826647,-0.015552751,0.030477066,-0.19435716,0.334372354,0.034216072,0.38675519,47.64757912,41.21802142,7.808992133999997
271,8.063545151,-0.03326419,0.346045732,0.026156493,0.413295982,-0.003553849,0.379670857,-0.00284687,0.02530099,0.380795637,-0.155127132,0.025460652,0.411180914,48.53696894,26.65503953,7.842436950999996
272,8.096989967,-0.032655524,0.347401076,0.02672884,0.413417768,-0.002963342,0.380409422,0.017697511,0.022134817,0.61571572,-0.094890302,0.028339937,0.622984765,48.0274917,-15.26904803,7.875881766999997
273,8.130434783,-0.032104262,0.34934179,0.027987203,0.413032778,-0.002058529,0.381187284,0.027117259,0.023312548,0.282310132,0.03529663,0.035760602,0.284508106,46.66565952,-40.81415117,7.909326582999997
274,8.163879599,-0.031315643,0.350114052,0.028702384,0.41310068,-0.00130663,0.381607366,0.022534454,0.012589866,-0.137346824,-0.321359097,0.02581291,0.349479355,46.38251105,-8.485968053,7.942771398999996
275,8.197324415,-0.029949396,0.348297689,0.028400977,0.414046851,-0.000774209,0.38117227,0.015956657,-0.01303984,-0.197136775,-0.768123063,0.020607094,0.793016991,48.41192392,60.82156438,7.976216214999997
276,8.230769231,-0.028329311,0.344986705,0.027655709,0.415352054,-0.000336801,0.380169379,0.013109137,-0.030056662,-0.085340246,-0.509994681,0.032791042,0.517085615,51.49307118,92.34207572,8.009661030999997
277,8.264214047,-0.027470509,0.342900363,0.027361315,0.41625929,-5.46e-05,0.379579826,0.008457654,-0.017668918,-0.13940507,0.371261084,0.019588838,0.39657101,53.22387746,51.87231614,8.043105846999996
278,8.297658863,-0.027924913,0.343309858,0.027884769,0.416605523,-2.01e-05,0.37995769,0.001034734,0.011324586,-0.222465136,0.868936177,0.01137176,0.896961993,52.71318546,-15.30545449,8.076550662999997
279,8.331103679,-0.029010801,0.344755485,0.028815709,0.416700968,-9.75e-05,0.380728227,-0.002321913,0.023092998,-0.100598835,0.352699664,0.023209435,0.366765836,51.20926079,-45.07266757,8.109995478999997
280,8.364548495,-0.029758108,0.345073226,0.029395914,0.416634974,-0.000181097,0.3808541,-0.002504027,0.003772443,-0.005457943,-0.579037618,0.004527856,0.57906334,50.42234986,-23.58374411,8.143440294999996
281,8.397993311,-0.030111818,0.343795801,0.029227897,0.416177282,-0.00044196,0.379986542,-0.007818072,-0.026000762,-0.159262094,-0.892303856,0.027150725,0.90640531,50.65444791,6.955985601,8.176885110999997
282,8.431438127,-0.030400413,0.341859067,0.028682184,0.415383314,-0.000859115,0.37862119,-0.012502137,-0.040919625,-0.140381585,-0.447118759,0.042786904,0.468638639,51.21534542,16.81011515,8.210329926999997
283,8.464882943,-0.030138868,0.339744077,0.028566371,0.414851431,-0.000786248,0.377297754,0.002183809,-0.039663426,0.440138251,0.037648319,0.039723499,0.441745488,51.9881867,23.16207629,8.243774742999996
284,8.498327759,-0.028578899,0.3371935,0.029257371,0.415095613,0.000339236,0.376144556,0.033730799,-0.034561362,0.945464245,0.152909012,0.048293421,0.957749344,53.40898087,42.58124382,8.277219558999997
285,8.531772575,-0.026322378,0.334452827,0.030249414,0.415797508,0.001963518,0.375125167,0.048679773,-0.030551118,0.448021197,0.120187142,0.057472525,0.463861986,55.18301683,53.16791098,8.310664374999996
286,8.565217391,-0.025094178,0.332350343,0.030773081,0.415957808,0.002839452,0.374154076,0.026251762,-0.029103652,-0.672168167,0.0433806,0.039194101,0.673566567,56.2487982,31.94149955,8.344109190999996
287,8.598662207,-0.025669074,0.331102438,0.030690314,0.414945787,0.00251062,0.373024112,-0.009855097,-0.033865038,-1.082123643,-0.142698894,0.03526987,1.091491893,56.09105789,-4.727481921,8.377554006999997
288,8.632107023,-0.027148854,0.330390216,0.03035354,0.413336681,0.001602343,0.371863448,-0.027221074,-0.034785135,-0.520458855,-0.027575342,0.044170041,0.521188852,55.26847867,-24.65272377,8.410998822999996
289,8.665551839,-0.028585405,0.330640012,0.029747276,0.412472189,0.000580936,0.371556101,-0.030611618,-0.009211215,-0.101614702,0.766451162,0.031967446,0.773157766,54.51747276,-22.50766982,8.444443638999998
290,8.698996656,-0.030094313,0.332668803,0.028504987,0.41305854,-0.000794663,0.372863671,-0.041226729,0.039187933,-0.318135208,1.450523903,0.056880025,1.48500155,53.91019385,-18.2001669,8.477888455999997
291,8.732441472,-0.031800322,0.335800133,0.026888176,0.414373813,-0.002456073,0.375086973,-0.049792525,0.066632429,-0.256717161,0.822512364,0.083181585,0.861643946,53.24309633,-19.99293283,8.511333271999996
292,8.765886288,-0.032866245,0.337880472,0.02595085,0.415063653,-0.003457698,0.376472063,-0.030018703,0.041511165,0.592622036,-0.752885013,0.051227916,0.958142328,52.69095045,-16.54782861,8.544778087999997
293,8.799331104,-0.032518948,0.337722673,0.026328481,0.414582867,-0.003095234,0.37615277,0.010863052,-0.009569206,1.225227428,-1.530880245,0.014476726,1.960810183,52.56079733,-3.900692712,8.578222903999997
294,8.83277592,-0.03133266,0.336359283,0.027457941,0.413594241,-0.001937359,0.374976762,0.034701527,-0.035245002,0.714439805,-0.769504402,0.049461158,1.050029171,52.72191429,4.828679923,8.611667719999996
295,8.866220736,-0.030642141,0.335405981,0.028432526,0.413064974,-0.001104808,0.374235478,0.024951605,-0.022216309,-0.292205433,0.390470345,0.033408786,0.487699811,52.73999853,0.541985202,8.645112535999997
296,8.899665552,-0.031077653,0.335226548,0.029124318,0.413341055,-0.000976667,0.374283802,0.003840372,0.001448273,-0.632704292,0.709228229,0.004104382,0.950431166,52.37896331,-10.82023622,8.678557351999997
297,8.933110368,-0.032217848,0.335223707,0.029945463,0.414105698,-0.001136192,0.374664702,-0.004780975,0.011415607,-0.258382034,0.298721293,0.012376341,0.394962892,51.75996252,-18.55147221,8.712002167999996
298,8.966555184,-0.033315719,0.335048776,0.030915932,0.414859956,-0.001199894,0.374954366,-0.00190913,0.008681223,0.086069276,-0.081949581,0.008888667,0.118842981,51.17305776,-17.5895532,8.745446983999997
299,9.0,-0.033954467,0.334842769,0.031627652,0.415309513,-0.001163407,0.375076141,0.001093492,0.003649607,0.089988667,-0.150797674,0.003809902,0.175607229,50.81922866,-10.60426877,8.778891799999997
